insert into author(author_id, first_name, second_name, birth_city, birth_country, birth_date, author_descr, nationality) values
(4581, 'Cordell', 'D''Amore', 'Rebekahshire', 'Liechtenstein', '1968-06-01', 'Animi ut non qui sit voluptatum et. Eos sunt beatae repellendus qui officiis. Sed atque et neque aperiam ut ut. Qui dicta id fugit aut ratione. Quia adipisci asperiores quia iure expedita fugit voluptate.', 'Andorran'),
(2743, 'Patience', 'Kunde', 'Okeytown', 'Eritrea', '1958-12-31', 'Expedita ea iste. Aut maxime quis qui corrupti. Odio doloremque consequatur. Cum dolores suscipit.', 'Albanian'),
(4095, 'Mauricio', 'Reynolds', 'Hodkiewiczbury', 'Luxembourg', '1994-02-25', 'Inventore tempora rerum aliquid non dolor repudiandae vero. Blanditiis suscipit odio fugit sunt dolore. Assumenda aliquid et explicabo. Voluptatibus autem earum quam. Recusandae tempora deserunt voluptas quis aut.', 'Kittian and Nevisian'),
(8702, 'Hobart', 'Jerde', 'Filibertoland', 'Uganda', '1949-10-23', 'Voluptatem magnam eaque aperiam ea quia. Cum deserunt perspiciatis. Culpa dignissimos est.', 'Syrian'),
(5992, 'Ally', 'Denesik', 'Schneidermouth', 'Trinidad and Tobago', '1940-11-05', 'Atque suscipit quis asperiores voluptatum voluptatem corporis. Fuga quia nulla facilis est aliquid optio. Eum consequatur voluptas.', 'Central African'),
(2297, 'Arielle', 'Halvorson', 'New Collin', 'Fiji', '1928-12-25', 'Dolorem alias harum est sequi rerum ducimus. Dolor laboriosam dolorem amet est quis consequatur. Perferendis harum sit porro. Officia quas expedita magnam fugit voluptatem.', 'Cambodian'),
(1620, 'Caitlyn', 'Lockman', 'East Oliver', 'Philippines', '1987-09-02', 'Non harum ut est impedit praesentium nesciunt aut. Deserunt aut cum. Quia consequatur laborum. Unde facere beatae nulla expedita quia quisquam commodi.', 'Moldovan'),
(887, 'Javier', 'Wintheiser', 'North Maceyhaven', 'Belize', '1995-05-19', 'Facilis velit ducimus tempora qui. Omnis ut quia quia ratione veritatis rerum. Dolorem commodi officia. Eveniet animi labore soluta optio mollitia fugiat. Enim ipsum delectus ipsam.', 'Austrian'),
(8084, 'Edmund', 'Douglas', 'North Montanatown', 'Micronesia', '1931-07-08', 'Provident placeat sunt vel ut ut. Sunt nam quis ab velit reprehenderit maxime. Mollitia blanditiis laboriosam voluptatem non voluptas.', 'British'),
(4340, 'Estelle', 'Gutkowski', 'South Octavia', 'Israel', '1983-11-02', 'Debitis eligendi cum voluptas. Deserunt eveniet autem aut animi sint neque facere. Praesentium nihil ea ad.', 'Spanish'),
(5804, 'Kristin', 'Hodkiewicz', 'Port Raven', 'Taiwan', '1974-03-24', 'Qui ut quia sequi consectetur enim. Officia placeat commodi et. Vel corrupti iste laborum id. Ut necessitatibus id.', 'Afghan'),
(9023, 'Timmothy', 'Bashirian', 'Asabury', 'Cayman Islands', '1953-08-31', 'Ipsam quibusdam animi rerum voluptas et. Illo aliquam consequatur asperiores repudiandae tempora eius culpa. Voluptatibus at cumque rem.', 'French'),
(3654, 'Peggie', 'Mueller', 'New Lelah', 'Qatar', '1934-01-10', 'Officia dolorum et. Voluptate labore corporis consectetur recusandae et. Aperiam aut et saepe.', 'Lithuanian'),
(758, 'Lulu', 'Cummings', 'Rodriguezstad', 'Mongolia', '1930-04-18', 'Eum sed quasi officia mollitia illum asperiores et. Deleniti nemo recusandae quis eum necessitatibus sed autem. Veritatis est totam autem dolorum suscipit. Soluta voluptate et neque qui laudantium in rerum.', 'Luxembourger'),
(457, 'Sigurd', 'Gulgowski', 'Boyerborough', 'Thailand', '1960-10-08', 'Nam consectetur excepturi laudantium rerum repellendus alias enim. Eligendi saepe et ab ut. Repellendus aut nesciunt sit officia neque maiores. Dolorem assumenda sapiente eos.', 'Moldovan'),
(2453, 'Darrin', 'Walker', 'Pfefferburgh', 'Slovenia', '1976-06-22', 'Iure voluptatibus maiores deserunt labore dolores. Quas quos dignissimos facere perspiciatis. Ut tenetur rem quos deleniti. Ut voluptatem consequatur ut et doloremque aut sunt.', 'Malaysian'),
(459, 'Ozella', 'Feest', 'Shannyburgh', 'Brunei Darussalam', '1935-07-20', 'Temporibus quam voluptas debitis distinctio. Sunt voluptatem commodi qui est ut. Eveniet id totam tenetur et in expedita dolor. Et sequi aut sunt ipsum in.', 'Lithuanian'),
(7977, 'Karolann', 'Ondricka', 'East Lorenz', 'Sudan', '1927-03-21', 'Repellat accusantium aperiam quod sint. Numquam eos cum voluptates omnis fuga. Assumenda deserunt fugiat animi animi ratione necessitatibus. Commodi corporis sit aut. Recusandae omnis et ipsam eos nihil molestias ratione.', 'Luxembourger'),
(4546, 'Humberto', 'Beahan', 'Bergemouth', 'Marshall Islands', '1939-05-13', 'Sed voluptas voluptate. Eligendi enim aut aut. Magni consequuntur quos minima iure et laudantium. Doloremque officiis magnam ad facere qui aut magnam.', 'Kittian and Nevisian'),
(8374, 'Tia', 'Mraz', 'Trompberg', 'Netherlands Antilles', '1966-06-17', 'Fugit odit provident aut. Non quod ea fuga. Quisquam ea accusamus eveniet. Sed occaecati fugiat magnam sit eius.', 'Albanian'),
(8361, 'Mitchell', 'Torphy', 'Greenchester', 'Antarctica (the territory South of 60 deg S)', '1954-02-09', 'Quis quibusdam est repellat. Repudiandae voluptate unde consequatur aliquid veniam. Officiis perferendis eaque corporis. Eius quasi rem magnam.', 'Lithuanian'),
(8598, 'Hobart', 'Steuber', 'Leannonland', 'Myanmar', '1940-02-01', 'Esse saepe dolorem magnam aliquid laborum ratione. Est quibusdam distinctio. Eveniet est sequi.', 'Armenian'),
(2932, 'Daisy', 'Heathcote', 'Grovershire', 'Svalbard & Jan Mayen Islands', '1934-11-04', 'Ea corrupti nemo ea tenetur. Ipsa nihil vitae corporis maxime est fuga quas. Consequatur voluptates nulla.', 'Angolan'),
(8483, 'Misael', 'Haag', 'North Darylmouth', 'Tokelau', '1961-01-07', 'Beatae debitis ea. Nemo quis praesentium. Excepturi id dignissimos beatae. Dolores ut iusto doloribus. Rerum dolores nemo eaque cumque sed.', 'Australian'),
(4577, 'Hadley', 'Leffler', 'East Carli', 'Mongolia', '1926-03-02', 'Libero tempore explicabo vitae iusto. Quisquam officiis nostrum doloribus eum commodi. Omnis error sit aut omnis. Et quidem quia culpa voluptatem explicabo quasi id.', 'Scottish'),
(1731, 'Amaya', 'Casper', 'Port Jace', 'Romania', '1947-06-18', 'Commodi minima nesciunt blanditiis magnam. Quis harum sapiente quo quam delectus. Et recusandae aut nobis ad et molestias.', 'Canadian'),
(5983, 'Katrina', 'Hegmann', 'North Joyceside', 'Republic of Korea', '1977-09-09', 'Tenetur qui minus. Omnis fugit modi dolore temporibus eaque. Minima ut reprehenderit possimus ipsum maiores velit. Maiores consequuntur enim necessitatibus eum quis.', 'British'),
(266, 'Judson', 'Green', 'East Vada', 'Turks and Caicos Islands', '1959-04-07', 'Non aspernatur voluptas maiores. Dolorem ut quis aut et ullam. Dolores numquam quas eaque aut esse officia consequatur. Fugit quos expedita vero impedit.', 'Luxembourger'),
(6045, 'Tremayne', 'Bosco', 'Oratown', 'Guernsey', '1988-05-16', 'Tenetur aperiam inventore ex. Qui sequi quia molestiae dicta reprehenderit. Accusamus nemo impedit. Repellat dolorem odio cum eius aut officiis minus.', 'Namibian'),
(374, 'Gabriel', 'Zboncak', 'East Shyanneland', 'Guinea', '1977-05-08', 'Numquam fuga tempore sunt. Nemo modi dolorum veritatis. Id omnis exercitationem molestias dicta illo qui. Ea ex et quasi. Dicta sapiente quidem minima dolores quibusdam labore tempora.', 'Indonesian'),
(4823, 'Mireya', 'Wilkinson', 'Ferrystad', 'Togo', '1932-06-14', 'Et provident soluta minima iure corporis dicta. Sequi eveniet deserunt voluptas. Ducimus facere illo ipsa. Est iste hic facilis architecto.', 'Canadian'),
(2290, 'Jayne', 'Von', 'Port Holdenbury', 'Faroe Islands', '1990-09-02', 'Sit voluptatem delectus. Quisquam quam dolores. Voluptates at et et aut. Facere nostrum nihil eum tempora eveniet ut.', 'Dutch'),
(5093, 'Selmer', 'Harber', 'Tillmanhaven', 'Ecuador', '1982-05-15', 'Laborum occaecati qui adipisci sunt. Voluptatem minima voluptate ut. Optio cumque ratione voluptatem modi. Officia asperiores recusandae maxime.', 'Canadian'),
(5318, 'Rubye', 'Dibbert', 'New Toreyshire', 'Japan', '1920-11-26', 'Sed maiores sit suscipit. Sed cum libero eius eligendi voluptatem. Deleniti iure ut a ab quaerat voluptas mollitia.', 'Slovenian'),
(7581, 'Enoch', 'Conn', 'Lake Cristian', 'Dominica', '1981-05-26', 'Iure ratione molestias quo necessitatibus aut adipisci voluptatem. Natus ab est. Harum atque voluptatem inventore itaque et enim. Neque corporis assumenda perspiciatis sapiente quia voluptatem. Quos voluptas magni.', 'Slovakian'),
(7580, 'Ruthe', 'O''Keefe', 'South Parkerton', 'Guadeloupe', '1948-08-08', 'Voluptatibus doloremque tempora eveniet. Aperiam saepe praesentium aperiam temporibus. Aut tenetur vel molestiae assumenda. Libero voluptatem voluptatem voluptates. Consequatur voluptate reprehenderit.', 'Lithuanian'),
(7669, 'Berta', 'Moen', 'New Alexamouth', 'Congo', '1954-07-19', 'Voluptatem sed repellendus et. Magnam modi voluptatem minus quia. Esse ad quia officiis facere omnis. Qui est et itaque corporis consectetur minima. Iusto in est id.', 'Armenian'),
(7840, 'Coy', 'Bernier', 'South Durward', 'Zimbabwe', '1975-03-07', 'Quia et a non sapiente fuga. Et quasi pariatur voluptatem. Excepturi harum architecto possimus a iste. Excepturi dolor incidunt inventore qui. Sit veritatis illo est ut repellendus.', 'Australian'),
(2728, 'Keshawn', 'Considine', 'Port Meggieville', 'Reunion', '1984-04-17', 'Et ab fugit placeat corrupti exercitationem. Quasi laboriosam qui est tenetur autem nisi. Harum vero cupiditate neque non. Mollitia architecto est nobis. Qui accusamus dolorem deserunt quasi unde sint.', 'British'),
(8162, 'Asha', 'Schamberger', 'Alyssonbury', 'Serbia', '1954-12-18', 'Et officiis cumque eos. Soluta totam et voluptatibus autem. Cumque exercitationem amet quasi provident. Ut natus omnis voluptas corporis error commodi.', 'Afghan'),
(5546, 'Giovani', 'Raynor', 'Boscofort', 'Fiji', '1947-11-18', 'Dolor ipsa voluptatem similique quasi officiis voluptate eos. Qui harum quod ad in quisquam aut modi. Quam ab dignissimos enim eum accusamus. Veritatis officiis animi non distinctio.', 'Lithuanian'),
(8506, 'Krista', 'Lemke', 'Sadyeside', 'Israel', '1989-11-08', 'Assumenda vitae vel quo qui eos est. Voluptates temporibus ratione blanditiis voluptatem. Ad et corrupti eos dolore dolor.', 'Afghan'),
(4831, 'Angelina', 'Roberts', 'New Reece', 'Djibouti', '1940-06-23', 'Ipsa quibusdam eaque. Rerum dolore sit possimus consequatur. Ea voluptatem voluptatem modi iste debitis quasi.', 'Moldovan'),
(4814, 'Janiya', 'Kozey', 'Alessandraberg', 'Bhutan', '1956-06-17', 'Nihil ut voluptatum consequatur. Vel ut ducimus. Et atque quos voluptatem asperiores numquam.', 'Irish'),
(9230, 'Robin', 'Hyatt', 'North Waldofurt', 'Tuvalu', '1957-12-14', 'Dolores est nostrum voluptas aut est nemo omnis. Ut officiis in quia voluptatibus ipsa beatae distinctio. Voluptatem laudantium sint. Consectetur quia qui odio aperiam consequuntur.', 'Ukrainian'),
(8735, 'Marques', 'Gaylord', 'New Dion', 'Sri Lanka', '1939-02-13', 'Quia eligendi quis tenetur accusamus ut maiores numquam. Possimus nesciunt illum amet id sequi. Magnam quis et a odit assumenda.', 'Nepalese'),
(7666, 'Gia', 'Graham', 'Rippinview', 'Albania', '1999-07-14', 'Non recusandae ipsum architecto impedit ratione. Qui illo est animi et fuga eum. Ad qui eaque dolores.', 'Colombian'),
(1473, 'Rocky', 'Mohr', 'Yundtmouth', 'Tanzania', '1954-12-12', 'Omnis quisquam et quaerat voluptatibus. Aspernatur architecto delectus fugiat vitae optio voluptatem sint. Maiores dolor aut quis et ipsa quasi. Ea laboriosam est.', 'Slovakian'),
(5044, 'Reymundo', 'Purdy', 'New Norvalside', 'Tokelau', '1946-08-06', 'Nostrum sed quia officiis reprehenderit deserunt accusamus. Porro et laborum tempora et itaque aut beatae. Et dolorem sed dolore alias ea et. Enim nesciunt non vel veniam occaecati dolorem sit.', 'Austrian'),
(2461, 'Annabelle', 'Stoltenberg', 'Bashirianbury', 'Seychelles', '1982-11-21', 'Suscipit exercitationem facilis enim distinctio neque voluptatem. Quis consequuntur eveniet officia provident eius praesentium. Repudiandae atque esse. Sit rerum quasi saepe nemo quo dolores consequatur.', 'Andorran');

insert into genre(genre_id, genre_name, genre_descr) values
(3064, 'Fantasy', 'Minus sint ipsum saepe. Totam aut non sed. Doloribus sit nulla et. Veniam quia voluptatum ratione architecto quae officiis.'),
(1628, 'Classic', 'Sit nobis dolores. Voluptatem culpa quas expedita et dolor sit est. Voluptas consectetur optio error recusandae doloribus nemo earum.'),
(8975, 'Humor', 'Odio maxime in aut quam magni architecto quos. Non nemo praesentium culpa molestiae dolorem aut. Qui in voluptatem non sed occaecati. Soluta voluptatibus suscipit culpa.'),
(4576, 'Narrative nonfiction', 'Rem est suscipit neque voluptatem. Alias et est autem quam unde. Sed odio sed. Fugit nesciunt adipisci unde accusamus sit nemo. Optio odit exercitationem distinctio laborum repellendus.'),
(6599, 'Science fiction', 'Ut ex est ut qui. Ut a ab explicabo tempora at rerum. Ipsa ut in ut distinctio veritatis tempora. Vel sequi assumenda inventore delectus dolorum animi. Ducimus totam qui commodi atque.'),
(1851, 'Short story', 'Nesciunt iure voluptate ab doloremque architecto nostrum. Aut accusantium totam ab unde qui. Repellendus et ullam inventore molestias nulla voluptatem.'),
(4980, 'Comic/Graphic Novel', 'Itaque ullam accusantium libero ut. Et et dicta dolore sit non animi. Eum ut facere earum occaecati est. Fugit vel illo ducimus voluptatem amet quis.'),
(5117, 'Mythopoeia', 'Velit saepe et libero vero nihil. Aliquid nam ut officiis vel sit. Nemo eveniet voluptatibus voluptatum quaerat dignissimos temporibus. Et dolorem voluptas ea omnis et.'),
(2453, 'Biography/Autobiography', 'Voluptatem aut voluptatum. Deserunt sed perspiciatis repellendus doloremque. Consequatur placeat ut blanditiis accusamus rerum aperiam. Veniam tenetur dolores omnis. Perspiciatis totam nemo nobis aperiam.'),
(6205, 'Mythology', 'Hic porro minima. Aut nobis perspiciatis. Dolorem voluptas consectetur odit perferendis expedita fuga explicabo. Consequuntur reprehenderit officia officiis et libero autem modi. Veniam eos error.'),
(9394, 'Crime/Detective', 'Accusamus quia aut. Aut distinctio beatae eum quisquam. Corrupti molestias et officiis. Architecto odio omnis temporibus numquam quaerat.'),
(3824, 'Fable', 'Est saepe quia et velit totam. Ut quia dolorum. Veritatis delectus error iusto quod quia sed rerum. Error qui fugiat eum provident. Excepturi consequuntur tempora voluptatibus natus consequatur qui dolorem.'),
(1062, 'Fairy tale', 'Ducimus quae in dolorem repellendus. Animi amet non et quia. Aperiam nostrum dolor quo.'),
(855, 'Folklore', 'Labore optio dolores velit. Molestiae odit quibusdam illum labore deleniti harum. Et a quo qui quidem. Enim deserunt ut aspernatur recusandae sint. Enim ut unde impedit est atque et.'),
(6352, 'Realistic fiction', 'Earum omnis quis est enim atque quaerat at. Saepe veritatis sed commodi. Alias ut ab consequatur. Libero dolores beatae deleniti ipsam quia. Quam aliquid aut at.');

insert into book (book_id, book_name, book_language, book_descr, book_height, book_length, book_width, page_count, publication_year, author_id, genre_id) values
(168, 'Nihil molestiae qui est', 'chinese', 'Atque corporis qui id mollitia sed modi. Aut unde cumque dolor aut. Quis explicabo odit error rem enim eligendi. Sed vel velit nihil. Amet culpa ut ex velit ut ipsam est.', 27.1, 1.8, 25.2, 448, 2007, 8162, 3824),
(6173, 'Quia aliquid eligendi', 'portuguese', 'Non illo voluptatum doloribus voluptates. Voluptas libero sint voluptas earum qui. Facere qui et.', 7.4, 3.1, 5.4, 922, 1985, 887, 6205),
(3491, 'Voluptas est autem ut', 'portuguese', 'Veniam reprehenderit delectus. Fugiat ea officia laudantium. Molestiae cupiditate sed molestias quidem sed magnam sunt.', 7.7, 3.5, 8.2, 365, 2005, 5804, 855),
(9848, 'Maiores et quo sunt', 'portuguese', 'Aliquam qui molestias iure possimus neque. Dolorem est ea exercitationem in voluptatum. Quibusdam et dolore. Est rerum quo voluptates sed.', 7.5, 1.4, 7.5, 508, 1991, 7840, 3824),
(5392, 'Rerum consequuntur ut et', 'chinese', 'Cum sunt ipsa eveniet. Autem perspiciatis soluta pariatur libero dicta. Ad cum et. Quidem fugiat ut repudiandae aut vel eligendi nostrum. Qui rerum reprehenderit error necessitatibus.', 7.8, 3.9, 29.8, 704, 1991, 7581, 3824),
(1683, 'Mollitia quo eaque dolorum', 'english', 'Illo sed reprehenderit ut voluptatem. Exercitationem et laborum at repellendus. A reiciendis quam dolore. Qui consequatur ipsa.', 8.6, 2.9, 18.8, 914, 1974, 7581, 6599),
(9272, 'Error commodi suscipit enim', 'arabic', 'Dolores maxime dolorum. Rem enim omnis veritatis excepturi dolores. Alias officia praesentium maxime. Harum reiciendis necessitatibus deleniti illum maiores. Voluptas neque aspernatur enim totam velit voluptatem velit.', 9.7, 1.3, 30.4, 423, 1989, 4577, 6599),
(5858, 'Corrupti voluptatem a', 'polish', 'Recusandae sint nihil laudantium. Sit eum omnis facere sed. Distinctio eum necessitatibus aliquam nobis sunt aut. Dolor dolor nam quis adipisci neque soluta ex.', 32.9, 2.1, 19.0, 238, 1994, 3654, 6352),
(8169, 'Iusto tempora quas sunt', 'polish', 'Consequatur inventore est consequatur fugiat est iusto perspiciatis. Architecto voluptatum voluptatibus eos enim. Aperiam dolores aliquid aut.', 26.3, 3.9, 5.9, 958, 1972, 8483, 9394),
(8331, 'Ut qui deserunt quibusdam', 'polish', 'Non in qui ducimus voluptas dolor esse qui. Facere quas et autem voluptas. Veniam veritatis molestias voluptas sint ullam perferendis omnis. Quos incidunt accusamus perferendis error molestiae provident et.', 26.5, 2.1, 22.0, 893, 2011, 8702, 5117),
(7811, 'Aut aut est est', 'french', 'Omnis occaecati culpa nemo magnam. Ut in quibusdam est modi esse nesciunt. Nulla et aliquid. Ipsa culpa iure sed est alias. Optio cum optio ut aut molestiae.', 24.0, 3.0, 12.4, 823, 1972, 5804, 5117),
(9091, 'Voluptate eligendi dicta fugiat', 'spanish', 'Et animi maxime est sapiente. Id praesentium corrupti ipsum quibusdam reprehenderit non. Saepe libero consequuntur commodi debitis.', 30.3, 3.1, 21.2, 436, 1973, 5992, 9394),
(1760, 'Voluptatum eos cum commodi', 'croatian', 'Perferendis quia sapiente quam voluptates dolores minima nostrum. Expedita qui et ratione quia eligendi quia. Excepturi porro est quaerat error quod.', 28.8, 3.8, 15.2, 734, 1993, 1731, 3064),
(9299, 'Aut cum corporis mollitia', 'chinese', 'Nulla voluptates omnis est est. Impedit inventore natus illo itaque earum magnam. Non dolores voluptates doloribus iusto non.', 5.9, 1.2, 23.4, 928, 1988, 6045, 2453),
(5399, 'Asperiores fugit enim', 'ukrainian', 'Laborum molestias voluptas est qui facere. Et officia odit quisquam. Corrupti omnis voluptate suscipit quos. Placeat modi nulla est eveniet rerum aut.', 29.2, 1.1, 17.9, 485, 1974, 9023, 8975),
(3963, 'Quasi sit voluptates', 'spanish', 'Dolores eos eaque. Quaerat dolor quod iure voluptatem qui amet. Doloremque libero qui enim placeat dolorem. Reprehenderit perferendis et. Aut hic odit.', 33.0, 4.7, 11.3, 345, 1987, 8361, 9394),
(2242, 'Excepturi aliquam temporibus', 'croatian', 'Blanditiis nisi voluptas. Excepturi et velit id. Ipsum sed dolorem vel qui veniam voluptatem vero.', 6.6, 1.5, 23.6, 882, 2010, 5318, 6599),
(4196, 'Perferendis ut vel', 'farsi', 'In inventore eos. Enim praesentium facere ea velit nisi rerum. In est earum in perspiciatis.', 30.5, 2.4, 21.5, 218, 2000, 2453, 6205),
(318, 'Sit velit qui', 'polish', 'Beatae rerum rerum. Iusto et reprehenderit quia ut vero atque sed. Voluptatum ullam esse. Et in consequatur tempore est.', 34.5, 3.4, 12.8, 926, 2009, 4577, 3824),
(3547, 'Incidunt corporis modi', 'armenian', 'Velit cum commodi. Hic doloremque expedita libero quae eum nulla. Dignissimos perspiciatis sed voluptas sunt molestias earum.', 5.9, 2.8, 16.5, 110, 1986, 8361, 855),
(1844, 'Recusandae eos doloribus et', 'german', 'Mollitia qui quibusdam perspiciatis. Ut rem soluta assumenda quam praesentium. Ratione aliquam rerum fuga. Numquam nostrum earum quam aperiam. Recusandae unde consequatur quae sed molestiae.', 33.4, 4.1, 24.1, 840, 1974, 8162, 8975),
(4648, 'Molestiae ipsa sunt', 'portuguese', 'Dolores consequatur vitae autem. Magnam eius ut provident dolorem et et. Debitis necessitatibus facere. Voluptatum nulla natus corporis.', 22.9, 4.2, 27.6, 368, 2018, 4095, 1628),
(9828, 'Voluptatem ut accusantium', 'croatian', 'Corporis perspiciatis itaque voluptates. Aut id culpa culpa consequatur a reprehenderit. Ut est facilis voluptatem sed.', 27.2, 1.9, 10.3, 283, 2004, 5093, 5117),
(4388, 'Ad soluta blanditiis', 'farsi', 'Possimus autem blanditiis architecto fuga eum ipsa quia. Vel modi asperiores. Fuga qui debitis. Est iure non. Est sint ratione sequi eius illo.', 26.6, 3.3, 15.2, 455, 2011, 4546, 6352),
(9514, 'Vel modi mollitia', 'spanish', 'Totam animi laboriosam perspiciatis deleniti culpa. Ex voluptatem rerum minus. Est aut omnis rerum modi. Et quasi maiores dolorem.', 31.0, 5.0, 23.1, 506, 1999, 5546, 4980),
(4910, 'Repellat fugiat non et', 'arabic', 'Voluptas hic eum ipsum assumenda quasi omnis. Qui est corrupti. Architecto odio error sed dolor odit suscipit. Iste tenetur repudiandae voluptates error molestiae.', 29.6, 2.9, 13.2, 226, 1974, 2728, 3064),
(8398, 'Dolorem blanditiis et', 'belorussian', 'Blanditiis rerum suscipit repellendus mollitia inventore vitae et. Perspiciatis corrupti et. Est labore voluptatem.', 19.7, 4.9, 25.6, 706, 2003, 4340, 1628),
(1263, 'Error odio corporis', 'french', 'Veniam consequuntur est a placeat. In odio eligendi mollitia sed consequatur rem dolor. Accusantium consequatur blanditiis enim fugiat neque numquam perferendis. Rem dolore qui et.', 24.2, 2.3, 32.1, 103, 2001, 7840, 4980),
(2794, 'Dolorum ut ea', 'chinese', 'Repellendus et exercitationem. Quibusdam tenetur vel enim beatae. Suscipit necessitatibus et. Ea ea fuga error provident quo veniam quibusdam. Ipsa vel adipisci et alias nulla sequi illum.', 16.5, 1.2, 15.9, 283, 1974, 8506, 6352),
(2037, 'Voluptas dicta qui', 'chinese', 'Aliquam aliquam molestiae saepe. Ut tempora temporibus et et animi eaque tempore. Expedita accusamus omnis.', 9.0, 2.4, 6.5, 644, 2017, 4814, 6352),
(6331, 'Recusandae ea nesciunt at', 'french', 'Possimus tempora laudantium. Beatae quia autem error esse ut voluptatem vel. Nostrum labore repellat. Voluptatum laudantium qui at reprehenderit sed optio. Repellendus dignissimos repudiandae.', 23.6, 4.0, 20.1, 285, 1982, 4095, 4980),
(3987, 'Molestiae nulla est', 'russian', 'Odio expedita eligendi. Dignissimos officia non dolorum esse ullam nesciunt. A est aut illum. Rerum et a architecto rerum quos. Vero eveniet nisi explicabo commodi beatae consequatur repellat.', 34.2, 1.8, 7.8, 200, 1996, 5992, 855),
(2559, 'Impedit ad non velit', 'spanish', 'Sunt neque voluptates aut nam blanditiis doloremque. Deleniti recusandae velit quis cupiditate. Maiores accusantium magni quod vero dolores maiores iste. Quam consectetur aut inventore.', 22.8, 2.1, 22.2, 132, 1979, 7840, 9394),
(8613, 'Quos ad vel', 'chinese', 'Architecto ut laborum. Vel consequatur qui est inventore et. Iusto aut aliquam. Ea error ipsum tempora aut ducimus.', 33.4, 4.3, 32.1, 30, 2000, 5044, 6599),
(9302, 'Ipsum error consequatur mollitia', 'chinese', 'Sapiente molestiae sunt eius eum maxime qui dolor. Nemo laboriosam voluptas. Nihil qui iusto aut sed et.', 5.8, 1.2, 13.9, 396, 2008, 4095, 3064),
(1056, 'Est nihil sunt', 'german', 'Rerum praesentium exercitationem enim quis dolorem necessitatibus odio. Mollitia molestiae asperiores vel non non. Maiores qui dolores aut deserunt fugiat. Reiciendis deleniti porro quibusdam laboriosam qui velit quas. Error id quae sunt id.', 5.7, 1.4, 11.6, 468, 1980, 758, 1062),
(1954, 'Cum totam nemo', 'german', 'Cum aut non. Optio dolor quia delectus numquam. Ratione non velit omnis magnam ex.', 26.9, 3.2, 15.7, 594, 1975, 2297, 1628),
(164, 'Ea totam incidunt', 'farsi', 'Qui ducimus nihil porro ratione animi. Sed velit voluptates illo sequi architecto sit. Molestiae qui aut laudantium harum unde.', 16.3, 5.0, 5.7, 931, 1980, 4577, 6352),
(6823, 'Qui aut voluptatem', 'spanish', 'Corporis eius omnis et reiciendis voluptatem perspiciatis. Voluptatem quasi pariatur quo fugit. Occaecati qui commodi saepe quis. Ut porro similique consectetur. Dolorem nihil aliquid.', 29.6, 4.1, 8.7, 31, 1989, 1731, 855),
(8844, 'Sapiente et ad', 'arabic', 'Iure est sed numquam. Officiis impedit qui atque nesciunt eveniet quae. Error velit quos deserunt sit voluptates est qui.', 6.4, 2.9, 7.0, 267, 2013, 266, 5117),
(5941, 'Odio impedit eius', 'urdu', 'Ipsam dignissimos vel est consequuntur. Aut magnam excepturi pariatur non. Maxime dolor nulla quod reprehenderit. Unde sint dolor ut tempora eos sit.', 21.6, 1.2, 14.5, 829, 2016, 887, 4576),
(3857, 'Saepe earum consequatur', 'belorussian', 'Temporibus quia quia delectus tempora provident iste. Est iste dolore. Dolorem repellendus maiores occaecati atque explicabo ut. Voluptatum neque culpa dolores.', 7.9, 3.7, 30.8, 846, 2012, 5992, 8975),
(4157, 'Aut rem et facere', 'ukrainian', 'Recusandae molestiae sit. Reprehenderit excepturi quibusdam sit facilis vel. Voluptatem non laudantium ad ut et maiores voluptas. Et cupiditate et quibusdam sit. Quidem maiores inventore inventore animi.', 18.7, 4.6, 5.8, 329, 1986, 8084, 855),
(1021, 'Voluptatem voluptatum dolores', 'ukrainian', 'Aut et corporis quae odio velit. Dolores iure blanditiis officia nobis enim vel. Dolore voluptatem et recusandae dolorem aut est et. Labore perferendis pariatur id quo ipsam.', 32.6, 1.8, 20.5, 770, 2018, 5044, 6599),
(1816, 'Est quis exercitationem', 'english', 'Nihil labore quod numquam. Temporibus magnam mollitia dicta nostrum. Iste at aut aut placeat quia.', 12.4, 3.5, 10.8, 30, 1990, 1620, 4576),
(700, 'Ab occaecati eos', 'german', 'Harum mollitia fugiat nulla et in laudantium vel. Eum fuga optio tempora omnis saepe. Maxime consequuntur dolor. Ipsum quo maxime nihil.', 28.8, 3.7, 20.5, 420, 1979, 2932, 6352),
(8089, 'Quam repellendus qui sapiente', 'german', 'Soluta consequatur magnam dolores est aut. Omnis dolor accusantium qui. Nostrum cumque nisi occaecati. Modi error eos impedit eos dolore iusto. Consequatur aut aliquam veniam necessitatibus.', 19.3, 4.7, 29.5, 82, 2004, 2290, 1628),
(8951, 'Aut porro sed', 'urdu', 'Sapiente explicabo et a ad voluptatum et. Ut autem veritatis architecto autem et sit saepe. Amet temporibus distinctio laudantium qui quis aut voluptas. Dolorum a doloribus nihil repellat. Enim deleniti architecto fugiat tempore rem culpa.', 14.8, 1.8, 12.0, 509, 2005, 8598, 9394),
(8183, 'Molestiae voluptatem repudiandae error', 'english', 'A officia incidunt non impedit quae. Quasi temporibus atque. Distinctio minima facilis atque tempora eveniet sapiente quo.', 28.5, 4.2, 6.1, 246, 1996, 2453, 9394),
(2677, 'Molestias tempore officia', 'french', 'Quis praesentium nihil. Eos ducimus dolorem rerum. Quae in omnis doloremque iusto magnam aspernatur omnis. Numquam itaque molestiae eius sunt pariatur labore perspiciatis.', 30.2, 2.1, 32.2, 178, 2000, 1473, 3824),
(3011, 'Dolorem quaerat ex', 'german', 'Repellat eos cumque incidunt magnam aliquam. Sunt nam eaque ex. Atque velit et eaque aut consectetur et. Incidunt reprehenderit labore qui molestiae aliquid molestias distinctio.', 29.2, 2.3, 16.7, 137, 1991, 2743, 4576),
(6092, 'A facilis repellendus', 'farsi', 'Id quae vero fuga ipsum quia assumenda. Ducimus culpa sapiente. Mollitia voluptatem nemo delectus illo qui corporis fuga. At vel ut optio exercitationem hic. Minima sed sunt.', 12.3, 1.9, 25.9, 733, 2007, 8374, 4576),
(2495, 'Expedita debitis autem repellendus', 'belorussian', 'Praesentium exercitationem qui. Ab et suscipit autem. Sunt deleniti impedit.', 11.9, 2.0, 18.3, 71, 1992, 8374, 9394),
(4769, 'Occaecati expedita laudantium', 'chinese', 'Laborum similique nisi impedit doloribus quis autem quam. Qui quas voluptatem quo. Rem veniam rerum soluta est tenetur atque ab. Fuga maiores fuga eligendi natus aut hic exercitationem.', 20.2, 1.8, 29.6, 179, 2010, 2461, 4576),
(7056, 'Dolor dolor voluptatem perspiciatis', 'belorussian', 'Voluptates mollitia facere ut totam repudiandae. Rerum quia et incidunt error accusantium. Ut rerum odit. Molestiae est tenetur sit et fugiat cum corporis.', 24.5, 4.6, 26.7, 252, 2012, 7669, 1851),
(1187, 'Libero distinctio perspiciatis', 'urdu', 'Iusto reprehenderit velit eos omnis. Ipsam consequatur ut nisi delectus eum et dolorum. Quam sed perspiciatis facere ipsum a ut.', 21.7, 3.1, 5.6, 124, 1975, 1473, 8975),
(9573, 'Aut dolorem quos blanditiis', 'belorussian', 'Alias qui amet laboriosam. Ullam officiis sint. Quo excepturi voluptates nemo quos. Vitae voluptatem et facilis vitae consequatur aliquam.', 11.6, 4.6, 9.1, 210, 2001, 459, 6352),
(4480, 'Officia nemo corrupti', 'french', 'Quisquam ipsa nam non sint est. Quis sint voluptas tenetur ratione. Accusamus qui blanditiis perspiciatis eos velit. Illo voluptatem ut fugiat omnis. Eligendi mollitia voluptatum architecto consequuntur perferendis ducimus qui.', 6.3, 4.3, 12.4, 646, 1970, 8735, 6205),
(8940, 'Dolores ratione perferendis', 'arabic', 'Est exercitationem modi delectus consequatur. Alias possimus optio est voluptatem dolor quo perspiciatis. Earum ratione sunt et numquam. Eos est tempore aperiam ut sint. Ut quasi et et.', 32.2, 3.8, 24.3, 907, 1994, 4577, 6205),
(3144, 'Totam et voluptatem', 'chinese', 'Non dolorem minima veniam sint reiciendis rem. Voluptas minima explicabo occaecati sint esse. Maiores animi recusandae consequuntur amet aut dolorem. Odio facilis sit porro possimus voluptas. Quibusdam ratione ratione et rerum ut.', 31.1, 3.0, 19.7, 920, 1992, 4823, 2453),
(2590, 'Possimus neque odit dolor', 'urdu', 'Corrupti occaecati deserunt veritatis. Dolorem voluptas omnis temporibus. Natus nihil in ipsum doloribus. Vitae sapiente sed et quia quidem voluptatem sed.', 7.1, 2.8, 17.1, 296, 1997, 1731, 9394),
(1645, 'Quia similique perspiciatis', 'chinese', 'Natus enim fuga totam. Fugiat doloribus sequi quo velit cupiditate dolor nesciunt. Ut hic est amet quibusdam. Adipisci voluptas debitis omnis quia.', 18.6, 4.2, 9.4, 758, 1977, 8374, 6205),
(8246, 'Voluptas tempore ut', 'polish', 'Sed suscipit nihil labore consequatur. Dicta rerum architecto quia nulla est dolorum. Veniam ipsam aut soluta corrupti quia modi sapiente. Perferendis voluptatibus dicta.', 9.8, 4.8, 14.0, 578, 1991, 7840, 6205),
(3237, 'Minus doloremque eos aut', 'spanish', 'Voluptas quibusdam esse dolor. Saepe qui quod modi eveniet. Maxime et voluptatem tenetur ex rerum sequi. Animi et velit.', 27.7, 2.3, 18.4, 196, 1991, 758, 3824),
(5875, 'Accusantium earum aspernatur', 'polish', 'Quia saepe ullam ipsam odio est. Et voluptate velit praesentium iusto occaecati aliquid facere. Quaerat qui qui impedit laboriosam. Recusandae cumque veritatis molestias consequuntur. Non labore doloremque aut nihil fugiat.', 30.4, 3.5, 14.3, 682, 1976, 2743, 4980),
(884, 'Placeat eligendi aut ut', 'portuguese', 'Unde et dolorem voluptatem eligendi eum. Dolorem accusantium inventore doloribus assumenda. Qui repudiandae aut sit eius nihil dicta quo.', 20.6, 2.2, 24.1, 427, 1981, 8483, 1851),
(6276, 'Iure vel incidunt', 'french', 'Nobis nulla consectetur praesentium. Eligendi in enim ad nihil veniam repellendus qui. Laudantium provident voluptas. Temporibus qui ex in dolorem enim quidem.', 32.4, 2.9, 6.7, 924, 1989, 758, 6352),
(5055, 'Illo recusandae officiis et', 'ukrainian', 'Vero alias quia ratione nam iusto. Iste eligendi sit. Iusto quo asperiores dolorem dolor nam eveniet. Doloribus perferendis sit repellendus. Deserunt laborum et ut qui sequi beatae et.', 29.3, 3.1, 25.7, 225, 2003, 2297, 4980),
(3062, 'Ut sapiente alias eum', 'german', 'Omnis odit doloribus aut sit quo aliquid temporibus. Quis qui et enim. Qui tenetur possimus ut consequatur.', 24.5, 2.3, 7.7, 454, 1993, 4577, 3064),
(6450, 'Eius aperiam natus', 'french', 'Voluptatum voluptas fugit dolorem molestias. Id odit commodi qui. Quis iusto minus in aut distinctio suscipit.', 23.2, 2.9, 31.7, 575, 1971, 5044, 1851),
(278, 'Dolor blanditiis quia placeat', 'polish', 'Et maxime aut delectus. Amet sit atque quos libero repudiandae distinctio. Tenetur eos reiciendis est accusamus fugiat.', 23.1, 3.3, 33.7, 321, 2004, 5044, 4980),
(3217, 'Consequatur impedit accusamus', 'belorussian', 'Expedita enim rem nostrum modi laborum corporis nesciunt. Adipisci nostrum veritatis ducimus ut. Ut quia ut saepe aperiam.', 8.1, 3.3, 11.4, 171, 2009, 5093, 5117),
(6701, 'Vel maxime voluptas et', 'arabic', 'Vel autem eaque minima rem. Ad ratione nostrum hic repellat. Et veniam et laboriosam omnis minus labore. Ipsam non quas voluptas quia et. Non fugit rerum laboriosam aut.', 15.3, 2.9, 17.1, 877, 1986, 9230, 1851),
(7072, 'Quia fuga repudiandae', 'french', 'Ut ut aspernatur magnam ex et iusto cupiditate. Sed sapiente eum pariatur hic iusto voluptatem facere. Architecto alias voluptas est sed totam cupiditate hic.', 34.2, 2.1, 6.4, 255, 1996, 5983, 6352),
(4187, 'Reprehenderit quod optio', 'portuguese', 'Culpa accusantium et placeat rerum voluptas aut pariatur. Aut itaque aut ipsam molestiae iste qui. Perferendis amet ad quaerat officia aperiam.', 27.7, 1.1, 13.8, 679, 2003, 374, 4980),
(6395, 'Nulla praesentium autem', 'portuguese', 'Quia quisquam quas consequuntur ipsum aliquid. Sapiente est nisi. Aut nobis amet iure. Et velit exercitationem. Necessitatibus deleniti ut animi deleniti possimus quis.', 7.6, 1.5, 27.5, 59, 1990, 5093, 6352),
(5503, 'Quibusdam autem qui', 'spanish', 'Totam nesciunt asperiores dolor laudantium quae. Eligendi similique omnis aut eos provident porro. Quo omnis nihil neque reiciendis enim odit. Perspiciatis illum dolore nisi. Quia itaque perferendis.', 10.5, 2.6, 33.6, 211, 1974, 374, 8975),
(8883, 'Accusantium est deserunt', 'urdu', 'Quam expedita sed sapiente consequatur velit. Incidunt minus enim omnis. Reiciendis vero sed ipsam ut. Dolorem in ut. Perspiciatis eligendi eum ex tempora.', 6.8, 3.0, 21.0, 517, 1997, 887, 3824),
(1559, 'Aut facere molestiae', 'belorussian', 'Consequatur sunt dolore quos et quia ipsum. Numquam alias odit dolorem nisi qui tempora necessitatibus. Perferendis nesciunt ea.', 31.2, 3.0, 32.6, 153, 1986, 5992, 855),
(9240, 'Consectetur eos voluptate', 'english', 'Distinctio quia laborum ab. Recusandae voluptates ut consequatur asperiores quo nisi. Ea itaque aut alias tempora vitae dolores. Molestiae laboriosam aspernatur.', 6.7, 3.7, 20.0, 72, 1973, 459, 5117),
(9383, 'A laudantium ut', 'spanish', 'Repellat expedita et. Repellendus sit quidem sit sit adipisci. Commodi eum quod doloribus cumque. Soluta nam eos est. At qui ex dolores facilis nobis.', 16.8, 4.8, 29.4, 842, 2010, 8735, 3824),
(4107, 'Minima nobis dicta aperiam', 'armenian', 'Amet dolorum vero ex sunt inventore et. Sint sit ut eum eum. Voluptate cum sit maiores. Qui expedita dolorum aut.', 15.5, 3.5, 5.9, 772, 1974, 374, 3824),
(5687, 'Consequuntur quod id', 'croatian', 'Temporibus numquam in atque. Vitae quo ut qui. Expedita placeat minima nobis laudantium et et blanditiis. Omnis ipsa ea.', 27.8, 3.9, 11.0, 149, 2001, 8702, 3824),
(7188, 'Molestias maiores delectus', 'arabic', 'Repellendus eius unde amet aut vel tempora eos. Aut id quod assumenda. Nostrum atque ut illum aspernatur.', 29.5, 1.7, 22.9, 313, 1993, 4340, 6205),
(2827, 'Laudantium enim alias veniam', 'english', 'Animi fuga sed voluptatem. Pariatur veniam consequatur praesentium quis neque eum. Quia optio hic rerum dolores qui.', 28.1, 4.3, 28.1, 524, 1997, 2290, 855),
(4325, 'Magni enim laborum deserunt', 'farsi', 'Exercitationem nesciunt sit. Non illum sit omnis. Quas rerum voluptas provident culpa. Et similique natus impedit temporibus ratione.', 11.6, 3.0, 5.8, 374, 1993, 8598, 2453),
(5618, 'Tempora provident ut', 'polish', 'Esse sunt dignissimos aut laborum. Distinctio asperiores sint accusantium. In aut voluptatum placeat vel sunt.', 26.2, 1.7, 20.9, 953, 1997, 9230, 1851),
(4786, 'Repellat dolor soluta sed', 'portuguese', 'Pariatur quia laudantium cum. Quia aspernatur aut eveniet quasi exercitationem. Dolorum et et est aut repellat impedit voluptas. Quos quia quo est velit quibusdam et molestias.', 33.7, 1.8, 16.3, 558, 1975, 3654, 6352),
(4695, 'Dolorem eaque quas', 'croatian', 'Laudantium sit quaerat velit ipsam. Eos quis laudantium dolorem est. Delectus minus reprehenderit doloribus molestiae doloremque. Voluptatem dolorem ipsum. Qui quia facilis provident dignissimos quia quasi voluptatem.', 24.0, 4.5, 6.5, 644, 1984, 4577, 8975),
(6851, 'Ut quam odio', 'croatian', 'Cumque iste voluptas rerum et. Aut dolore cumque nihil. Odio molestiae exercitationem. Dolorem consectetur sint est eos suscipit itaque commodi.', 30.9, 3.2, 30.9, 814, 2005, 2728, 2453),
(6211, 'Vel pariatur voluptas', 'spanish', 'Sunt voluptas cum doloribus distinctio dolorem perferendis aut. Qui culpa eaque perferendis maxime explicabo est. Deleniti minima vitae est inventore vel suscipit.', 8.1, 4.4, 34.5, 516, 1990, 1473, 6205),
(8792, 'Eum illum expedita', 'portuguese', 'Ut velit earum autem. Distinctio consequatur expedita amet sit dolores amet nam. Occaecati necessitatibus similique saepe id.', 14.8, 4.1, 12.5, 464, 1975, 2297, 4980),
(6236, 'Quia ea delectus ut', 'urdu', 'Quo deleniti architecto vel. Sit error praesentium. Molestiae consequatur et commodi suscipit ex rem.', 12.9, 4.8, 14.4, 614, 2005, 4577, 6205),
(2689, 'Similique nesciunt et', 'belorussian', 'Ipsum nam aliquam quia sit dolorem. Odio distinctio vero. Amet et blanditiis impedit veniam iure.', 32.1, 3.8, 26.7, 226, 1971, 8374, 855),
(8224, 'Accusamus esse nesciunt nemo', 'french', 'Vel culpa esse amet. Exercitationem odio dolorem iusto. Veniam in sit.', 24.2, 1.5, 29.3, 909, 2018, 9230, 855),
(808, 'Quae minus et impedit', 'ukrainian', 'Dolores excepturi nostrum autem. Qui ea eos molestiae delectus odio nemo eum. Explicabo eius unde maxime.', 17.3, 5.0, 17.4, 187, 1994, 2743, 3064),
(8381, 'Magnam nostrum ea', 'spanish', 'Illum aut quo quidem. Qui maxime odit optio et rem. Et rerum temporibus neque aut. Non est dolore voluptas consequuntur aliquid magni dolores.', 33.8, 5.0, 23.3, 749, 2013, 4340, 1062),
(3349, 'Aut quia voluptas', 'farsi', 'Officiis qui blanditiis necessitatibus. Magnam dolorem suscipit omnis facere. Voluptatem quis molestias aut voluptatem. Ut maiores officia sapiente adipisci et. Sint pariatur recusandae reiciendis voluptatum.', 10.2, 2.6, 25.7, 756, 1970, 3654, 1062),
(5394, 'Ipsum ea vitae', 'portuguese', 'Eaque suscipit est at. Sunt autem voluptatum consequatur quos quisquam accusamus. Eum hic neque enim est sint illum veniam.', 14.6, 2.0, 7.4, 375, 1999, 7669, 5117),
(8558, 'Qui impedit voluptatem mollitia', 'arabic', 'Eos facilis dolorum inventore. Sed et ea qui deleniti quis. Nostrum non voluptas.', 6.5, 2.4, 18.6, 236, 1994, 8162, 855),
(8626, 'Rerum et tenetur maxime', 'croatian', 'Dolorum qui nisi cupiditate eligendi facilis vero. Velit consequatur quisquam cumque velit nihil quae et. Repudiandae cumque maiores nobis. Iste quia quo non dolore.', 14.3, 3.9, 30.5, 403, 1991, 5804, 1062),
(5350, 'Quia et similique', 'farsi', 'Ipsam voluptatem facilis quo rerum. Qui aut consequatur omnis id ut. Adipisci quaerat quis accusamus. Molestiae et est aut itaque odit optio.', 22.9, 3.9, 16.3, 197, 1973, 4823, 6352),
(7655, 'Consequatur numquam qui veritatis', 'ukrainian', 'At odit voluptatem quis quo modi. Nobis molestiae dolorem aut voluptate ut. Nihil aliquam delectus maiores sapiente molestiae laudantium ut. Id et dolor provident earum laborum harum.', 14.1, 3.1, 17.4, 465, 1997, 8483, 9394),
(9643, 'Omnis et harum', 'croatian', 'Fugit praesentium ratione nihil sunt ab sed harum. Autem dicta temporibus. Ut voluptatem est dolor in quasi. Aspernatur animi quae dicta officiis eius. Quod nemo soluta.', 33.5, 1.9, 18.1, 922, 2007, 7581, 4576),
(3243, 'Quidem in maxime', 'polish', 'Sunt nam eos sed labore maiores quo aliquid. Omnis id aliquam. Omnis a alias corporis tempore laudantium neque. Nobis in ab doloremque maxime eum adipisci temporibus. Qui inventore quas omnis unde.', 9.6, 2.2, 26.3, 10, 1971, 8162, 6205),
(9028, 'Incidunt ducimus sunt dolorem', 'ukrainian', 'Enim vitae odio non atque minus. Dolorem explicabo assumenda est consectetur. Quae consequatur animi hic non eveniet.', 25.8, 4.4, 9.1, 198, 1988, 8702, 6205),
(1904, 'Culpa facilis porro incidunt', 'russian', 'Et ut nam. Et sit esse quibusdam ut beatae. Ut expedita aspernatur ut officia quidem. Fugit voluptates aperiam rerum. Fugiat dolor tenetur non voluptate fugit beatae quasi.', 7.5, 1.9, 7.3, 385, 2002, 2461, 4576),
(9259, 'Recusandae impedit temporibus fugiat', 'urdu', 'Doloremque vel quia provident esse modi est a. Error nihil est repudiandae dolor magnam non ex. Qui vel sequi sequi velit maiores. Vel consequatur quae ex exercitationem eius voluptate. Sed nihil dicta fugit iure.', 31.5, 1.2, 28.6, 627, 2001, 5318, 4576),
(5713, 'Quam adipisci iste ut', 'armenian', 'Labore architecto eum omnis. Reprehenderit vero consequuntur et nemo. Quos consequatur voluptatem modi ut voluptatibus error autem.', 25.8, 1.9, 10.2, 199, 1987, 2728, 8975),
(7349, 'Delectus non et', 'croatian', 'Esse earum in aliquid sapiente adipisci. Illo cumque dolore repellat ullam. Sed voluptas assumenda laudantium facere corrupti aut. Eum quia ducimus necessitatibus voluptas est sit qui.', 26.3, 3.4, 26.4, 269, 1974, 374, 3824),
(4679, 'Maiores quasi fuga aut', 'polish', 'Aut atque eum esse expedita sed error ipsum. Et quia corporis sint. Asperiores amet illum et debitis ex velit saepe. Voluptas aut non corporis nostrum voluptatibus nesciunt quia.', 6.9, 1.1, 6.7, 385, 1981, 2297, 9394),
(3417, 'Cupiditate libero aut', 'russian', 'Aut laboriosam explicabo eos. Necessitatibus ad consequatur soluta. Architecto et praesentium fugit nam nesciunt temporibus. Et nostrum ut iusto fugit id ipsum.', 21.4, 2.8, 25.4, 309, 1992, 758, 1628),
(7823, 'Alias modi in excepturi', 'french', 'Voluptatem saepe accusantium architecto nobis. Nihil nesciunt in eos. Voluptate neque fuga ut maxime corporis eligendi. Et iusto a doloremque et expedita dicta.', 19.8, 1.4, 26.2, 241, 1971, 9023, 6352),
(4035, 'Deleniti sunt minima provident', 'farsi', 'Expedita numquam vitae cumque ut quaerat. Hic et at vitae. Dolorem molestiae sed.', 23.2, 4.2, 17.8, 794, 2009, 8084, 1851),
(2666, 'Quis cumque facere', 'farsi', 'Consectetur minus cumque esse illum aut id. Aut dolorum et inventore natus. Qui et rerum iusto occaecati similique est. Eum voluptas sunt suscipit similique. Rerum perferendis fugiat.', 27.4, 1.6, 10.2, 412, 2008, 7977, 1628),
(7972, 'Delectus deserunt pariatur repudiandae', 'chinese', 'Iusto aspernatur aut voluptas repellendus qui qui dignissimos. Libero dolorem neque voluptatibus. Iste aut perferendis minus ut quis. Eaque et similique enim earum repellendus.', 26.5, 1.3, 7.2, 786, 2006, 7666, 4980),
(2061, 'Numquam a optio', 'arabic', 'Impedit ipsam voluptas similique. Delectus ut eum. Incidunt nemo eius minima et exercitationem et reprehenderit. Vero rerum qui aut dolorum aspernatur voluptates.', 18.3, 4.3, 14.9, 84, 1990, 457, 1851),
(2503, 'Nobis tenetur tempore', 'farsi', 'Occaecati possimus suscipit incidunt. Ab ut tenetur nemo distinctio neque. Provident accusantium incidunt natus ut facere commodi.', 20.6, 4.2, 28.7, 978, 1999, 7669, 1062),
(694, 'Omnis debitis voluptate aliquam', 'croatian', 'Aspernatur minima aspernatur adipisci. Possimus rem et porro sint libero. Dolorem optio a non quae quia dolore. Facere et deleniti tempora provident ratione quis.', 7.2, 2.1, 17.1, 828, 2007, 4823, 3824),
(9820, 'Magnam et consectetur cupiditate', 'croatian', 'Consequatur aut dignissimos in. Voluptatem est aut asperiores numquam natus accusamus voluptatem. Magnam nobis assumenda. Repellat adipisci cum dolores voluptatem nihil.', 18.7, 3.7, 8.6, 360, 1981, 2461, 6205),
(3985, 'Autem sed libero eos', 'french', 'Magni deserunt perferendis ratione autem eum. Pariatur velit error ut in beatae. Amet soluta non quaerat iusto.', 9.0, 3.6, 23.7, 115, 1988, 8162, 4980),
(7093, 'At ad id', 'portuguese', 'Nihil voluptatibus asperiores commodi ut. Consequuntur distinctio non. Enim animi ab repudiandae non non numquam quod. Ea libero facere aliquam. Voluptatum explicabo totam beatae sint quidem.', 23.9, 2.8, 34.1, 935, 2000, 5318, 3824),
(1070, 'Aut voluptatibus ut nisi', 'portuguese', 'Possimus omnis illum dolorem veritatis illo eligendi. Aut similique rem. Aut quas non quasi consequatur et magnam. Tempora atque iure animi sunt dolores.', 8.2, 1.4, 25.2, 959, 2017, 4581, 6352),
(858, 'Cupiditate voluptatem eveniet et', 'belorussian', 'Vitae non voluptas doloremque. Id aspernatur autem atque. Ullam sequi sunt dolor necessitatibus nisi libero.', 26.8, 4.0, 23.3, 346, 1988, 2453, 6205),
(5340, 'Corporis eum dolore', 'urdu', 'Accusamus voluptas quam ut expedita. Aut veritatis sint aliquam. Occaecati in totam et.', 30.0, 1.7, 33.2, 27, 1976, 8598, 3824),
(4555, 'Numquam ut rerum', 'belorussian', 'Dolor laboriosam earum velit. Laudantium quis perspiciatis ut et perferendis est nemo. Dolore est fuga exercitationem repellat et recusandae autem. Cum enim ut quo voluptatem.', 16.0, 3.5, 9.8, 95, 1985, 1620, 1628),
(4869, 'Rem dolorem repellat accusantium', 'croatian', 'Qui sit dignissimos et dolore fuga ab. Vitae est eius reiciendis vitae. Reprehenderit voluptas deleniti vel quia. Est laboriosam autem. Dicta ratione maxime.', 20.5, 3.1, 28.4, 704, 2014, 8361, 8975),
(7190, 'Cum eveniet incidunt laudantium', 'urdu', 'Cumque quisquam delectus sit et sit expedita. Quia ipsam et quo rerum. Quia illo illo rem ad sapiente dolor aut. Harum architecto distinctio.', 5.7, 1.8, 26.7, 639, 2017, 887, 855),
(1757, 'Nam iste officia', 'german', 'Unde sit quisquam aut nisi nisi aliquid eveniet. Et sint sit sint. Deleniti in similique voluptate similique. Vero molestiae est cupiditate.', 20.4, 4.6, 16.3, 63, 1970, 8084, 9394),
(4698, 'Tempora eos perspiciatis optio', 'croatian', 'Vel omnis ut ab eius. Ut non error cumque et quia iusto. Officiis exercitationem cupiditate illum.', 19.2, 1.1, 30.7, 886, 1991, 8598, 8975),
(3176, 'Odio et nihil', 'belorussian', 'Voluptatem at odit ut illo officia voluptatem qui. Qui nisi exercitationem dolore. Officia voluptatem quasi ea hic qui sit. Similique hic et debitis reprehenderit perspiciatis explicabo pariatur.', 21.3, 4.5, 28.1, 518, 1980, 7581, 855),
(9082, 'Aspernatur iste laboriosam', 'english', 'Praesentium aut ut illum aliquid omnis ut. Tempora impedit quia et quasi sunt eligendi possimus. Veritatis pariatur explicabo. Aperiam molestiae sint quo in. Quis ut similique esse eaque quae voluptatem.', 18.8, 2.8, 5.8, 69, 2006, 8702, 5117),
(2833, 'Consequatur voluptas molestiae laborum', 'russian', 'Rerum cumque temporibus autem quo asperiores. Distinctio magni animi tempore incidunt natus et. Asperiores omnis totam et placeat totam. Repellat earum aut.', 20.7, 4.0, 7.1, 202, 1972, 2728, 6205),
(6120, 'Amet rerum dolorem', 'french', 'Officia quod minus. Minima aliquam enim. Similique a quis omnis consequatur est cupiditate labore.', 30.9, 3.6, 30.6, 609, 2004, 1620, 6599),
(2986, 'Laudantium molestiae ducimus eum', 'croatian', 'Possimus enim quibusdam deleniti eligendi sit voluptatibus. Beatae non qui eaque sint neque dolores et. Est id qui sed earum.', 6.3, 4.4, 6.6, 72, 1973, 3654, 9394),
(4080, 'Sed voluptatibus omnis', 'armenian', 'Accusamus expedita voluptas cum porro eius culpa. At et eos consequatur porro dolorem velit quas. Soluta dolore et debitis aut quis. Nesciunt libero accusantium amet animi cum. Tempora voluptates numquam.', 14.2, 1.8, 27.6, 292, 1983, 2743, 6599),
(7729, 'Et eos qui', 'portuguese', 'Temporibus aperiam laudantium reprehenderit molestiae. Quae qui numquam dolore assumenda amet vero at. Placeat aut quod non.', 18.3, 4.3, 26.6, 594, 1983, 2297, 3824),
(9770, 'Provident aut mollitia', 'russian', 'Consequatur omnis voluptatem. Ducimus dolorum occaecati aspernatur aliquid repudiandae. Magnam velit in et nostrum et aut.', 20.5, 3.8, 32.2, 155, 2000, 4814, 1628),
(1245, 'Autem odio et', 'croatian', 'Quisquam voluptates dolorum fuga. Nesciunt commodi sed quasi soluta. Qui quam veniam quia nostrum fugit dolore sint.', 31.6, 1.8, 6.0, 646, 2010, 8702, 1628),
(4773, 'Sunt tempora nihil', 'spanish', 'Aspernatur consequatur incidunt in. Et labore molestiae esse. Accusamus maiores nihil est saepe dolorem qui.', 20.7, 3.5, 27.2, 712, 2002, 5992, 9394),
(5857, 'Voluptatem soluta ut', 'armenian', 'Dolore nam ut maiores. Voluptas nulla maxime aut facilis. Aspernatur animi iste.', 32.5, 2.0, 28.0, 40, 1975, 2461, 3824),
(7299, 'Atque doloribus accusantium', 'croatian', 'Est omnis omnis eum optio repellat. Aperiam repellat sequi sint ipsam quisquam. Ullam explicabo in.', 31.6, 4.6, 24.0, 904, 1989, 459, 3824),
(2570, 'Dignissimos quos molestias', 'belorussian', 'Animi perferendis id labore. Veniam in tenetur quisquam a nemo porro voluptates. Ut molestias neque totam exercitationem rerum rem est.', 21.6, 3.3, 30.4, 444, 1986, 4823, 5117),
(7060, 'Error quia quasi rerum', 'polish', 'Error iusto non. Ab ad voluptatem mollitia eaque ut. Dolorem eius earum quia consequatur doloribus officia fuga. Eveniet eum ut ipsam tempore. Consequatur omnis ut.', 32.4, 4.8, 17.5, 267, 2012, 4581, 1062),
(2923, 'Ratione nesciunt totam et', 'farsi', 'Placeat veritatis quia. Minus dignissimos quidem a aut aut. Quia autem omnis et.', 25.2, 3.0, 25.0, 206, 2012, 7666, 1062),
(2899, 'Occaecati corporis est impedit', 'croatian', 'Pariatur placeat in sint omnis sequi nemo. Pariatur enim optio eveniet iusto. Aperiam quia assumenda laudantium qui reiciendis doloremque. Qui quas quaerat. Dolores aut quas esse deleniti.', 25.1, 2.5, 9.2, 620, 2001, 6045, 4980),
(4177, 'Autem dolor rem', 'urdu', 'Ipsum dolores saepe placeat nesciunt cum totam sapiente. Eaque dignissimos et culpa non. Qui quis quisquam cum qui placeat. Autem officia qui debitis consequuntur. Placeat distinctio voluptatem corrupti sit laudantium eos.', 29.2, 1.0, 17.6, 676, 1981, 5318, 6599),
(7642, 'Quia ut praesentium reprehenderit', 'english', 'Voluptatem sint assumenda. Ut quas officia nobis nostrum dolor qui sit. Ea sequi voluptatibus minus. Earum voluptatem sit. Officiis debitis vel recusandae iusto eaque et ut.', 5.9, 4.9, 24.3, 146, 1984, 2290, 8975),
(9862, 'Nulla quod et voluptatem', 'ukrainian', 'Excepturi accusantium iusto quo a assumenda ex rem. Eos est fugit sit temporibus reiciendis quos asperiores. Autem et commodi natus sapiente corporis. Assumenda tempore est rem vitae et et.', 25.0, 1.4, 9.0, 896, 1994, 2297, 8975),
(234, 'Itaque distinctio dignissimos', 'german', 'Nobis expedita itaque. Aut eos ullam. Aliquid natus dolores et. Aspernatur molestias labore. Quam itaque doloribus.', 33.3, 3.5, 32.9, 343, 2001, 4095, 8975),
(8767, 'Aut sunt nesciunt omnis', 'urdu', 'Ut at ipsum odio quae rerum in amet. Sit quidem praesentium. Deleniti necessitatibus nobis. Voluptate sit itaque qui alias a. Ut in nostrum beatae iusto sit ipsa perspiciatis.', 25.8, 3.6, 7.9, 59, 1985, 5804, 8975),
(1695, 'Veniam voluptatem quo', 'german', 'Tempora aut omnis quis. Nihil enim quo quas eveniet. Cumque tempore laboriosam quo nulla quibusdam dolorem quia. Sit suscipit esse. Reprehenderit ut culpa.', 7.1, 4.8, 13.8, 472, 1985, 5093, 8975),
(6829, 'Placeat dolore quis', 'portuguese', 'Fuga dolores rerum velit. Delectus voluptas vero quam qui. Quam est deserunt nisi molestias qui totam. Voluptas aliquam eveniet sit soluta expedita.', 28.8, 1.0, 24.3, 821, 1997, 3654, 855),
(2773, 'Aut ipsam deleniti facilis', 'croatian', 'Libero ad voluptatem molestias atque quo nobis eos. Consequuntur alias culpa quae. Molestiae ab repudiandae.', 24.1, 4.3, 21.1, 256, 1998, 4546, 9394),
(281, 'Est eius magnam', 'polish', 'Placeat quas omnis dolorem. Aut quia aspernatur. Velit enim tenetur amet. Magnam soluta sed qui aperiam inventore laboriosam. Praesentium consequatur sint ratione incidunt blanditiis adipisci.', 14.4, 1.9, 34.3, 611, 1977, 2932, 6352),
(52, 'Voluptatum porro itaque', 'english', 'Cumque animi ut aut vitae ducimus. Numquam accusamus ullam sapiente consequatur aut facilis nemo. Laboriosam ut distinctio nam voluptas rerum.', 13.8, 1.9, 12.1, 839, 1974, 5983, 4576),
(2228, 'Est enim reprehenderit nihil', 'urdu', 'Delectus nobis sed. Qui amet ullam reiciendis necessitatibus dignissimos. Facere necessitatibus ipsa consequatur cum et voluptates id. Rerum fugit id aut rem ab nihil.', 23.6, 4.6, 29.2, 540, 2012, 266, 855),
(1173, 'Exercitationem odio ipsa', 'armenian', 'Et recusandae minus. Molestiae commodi nostrum maiores. Vero qui error qui velit.', 33.8, 1.3, 14.1, 660, 1982, 4546, 9394),
(6467, 'Assumenda porro mollitia', 'belorussian', 'Asperiores qui in. Blanditiis tempora esse et. Est natus soluta. Porro soluta consequatur natus quos.', 20.9, 4.4, 20.7, 456, 1992, 1731, 6599),
(5489, 'Culpa ipsa nihil', 'urdu', 'Consequuntur ipsum eligendi et a tempora et eligendi. Omnis eum suscipit nulla vel nulla. Minima quae ea. Est provident quis debitis impedit sit aut voluptatem. Reiciendis omnis et modi soluta ut autem.', 22.9, 4.1, 6.3, 96, 2012, 2453, 1851),
(4166, 'Nihil dignissimos consectetur', 'belorussian', 'Natus consequuntur distinctio illo enim dolores eos. Eos adipisci facere perspiciatis laboriosam qui. Sequi assumenda pariatur. Laudantium occaecati nisi ullam est rem veritatis qui. Illum ea odit quam non.', 6.1, 1.3, 12.8, 438, 1993, 4546, 1062),
(9489, 'Fugit iure et id', 'spanish', 'Commodi dolorem qui. Ratione enim molestiae magnam est. Rerum veniam exercitationem inventore dolores.', 21.2, 3.8, 24.7, 623, 1983, 9230, 6599),
(2887, 'Et voluptatem delectus cupiditate', 'russian', 'Quae est natus similique animi earum. Numquam culpa tenetur alias. Aperiam cumque hic voluptatem nisi inventore. Soluta modi voluptatibus voluptatem. Maiores fugiat modi nostrum.', 17.4, 4.7, 6.1, 198, 2001, 4340, 6205),
(1485, 'Dolore debitis adipisci sapiente', 'belorussian', 'Qui est doloremque. Qui ipsum est est. Et aliquid voluptas labore aut. Vel sequi cumque qui et repellat aperiam. Autem quasi ratione dolorum in.', 15.5, 2.1, 20.2, 375, 1988, 2290, 9394),
(6047, 'Aut occaecati quae', 'croatian', 'Optio aut eius voluptatum illum commodi molestias sequi. Non rerum eaque sint esse non eum ut. Ex atque tempora laudantium et optio. Dicta qui quam dolore dolorum blanditiis. Voluptatem velit voluptatibus veritatis dignissimos nihil ipsam natus.', 20.3, 2.8, 27.0, 444, 2003, 8506, 3064),
(6858, 'Voluptates ut et animi', 'spanish', 'Error voluptatum exercitationem. Et adipisci autem. Ut est sint delectus est.', 18.0, 4.5, 9.6, 769, 1971, 8483, 2453),
(8630, 'Nostrum aut aut', 'polish', 'Sed quidem tenetur corporis dolorem ea vel hic. Qui animi assumenda ipsum perferendis autem. Voluptatibus neque velit nesciunt.', 6.2, 1.3, 28.0, 659, 1982, 7580, 855),
(5462, 'Repellendus perspiciatis doloremque eaque', 'belorussian', 'Sunt enim alias magni voluptas illum vero. In quia ex voluptatem sit dicta. Ea aut aut est sunt aut. Est eos sunt eaque eveniet perferendis autem.', 21.4, 1.6, 14.6, 31, 1977, 2932, 2453),
(7679, 'Facilis aspernatur alias', 'farsi', 'Atque et error maxime in doloremque maiores. Exercitationem aut odit aut repellendus. Ut necessitatibus rerum aperiam consequatur blanditiis et. Fugiat sit doloremque sed odit dolore. Et fugiat quaerat beatae id omnis laboriosam iure.', 5.3, 3.3, 26.7, 462, 2015, 7581, 1062),
(3084, 'Ut est quia', 'armenian', 'Adipisci quasi quo. Enim magni ut voluptas quaerat necessitatibus quis. Qui autem accusamus. Soluta dolor molestiae aut nostrum est. Optio excepturi animi aperiam accusamus.', 24.6, 1.0, 23.4, 336, 1996, 7977, 1062),
(6438, 'Voluptas exercitationem nisi', 'ukrainian', 'Asperiores quaerat asperiores ut. Et sequi reiciendis. Aliquid quia sequi sed voluptas ut. Commodi quos voluptas id. Aut dolorem officiis sit ullam.', 30.0, 2.9, 33.4, 312, 1984, 3654, 6205),
(9047, 'Tempora qui velit eos', 'english', 'Commodi a ducimus id. Totam natus qui perferendis id consectetur. Sint repudiandae architecto quisquam. Ea aspernatur doloribus vel dolor tenetur. Ex harum expedita et exercitationem ipsam dolorum deleniti.', 8.4, 3.7, 7.5, 589, 1970, 2461, 855),
(6423, 'Perspiciatis vel aut et', 'french', 'Dolor rerum voluptas laboriosam. Temporibus odio molestiae facilis magni deserunt ratione. Placeat voluptas eius et quia veritatis et. Aliquid et eum perferendis veniam cupiditate.', 9.5, 3.0, 24.5, 172, 1991, 4581, 6205),
(1092, 'Sed deserunt dolores', 'portuguese', 'Voluptatem dicta ratione magnam tenetur amet minima. Error ipsa maxime eum. Unde accusamus et. Impedit voluptatem facere non molestiae. Itaque aliquam quis et inventore magni.', 13.0, 4.5, 27.0, 599, 2006, 8374, 1062),
(1417, 'Dolorum voluptas unde', 'portuguese', 'Voluptatem corporis temporibus non iusto enim maxime at. Atque quam libero ut dolores non dignissimos accusantium. Fuga possimus rerum reiciendis nihil.', 30.6, 1.6, 24.9, 861, 1979, 4823, 4576),
(2088, 'Consequatur ut quas tempore', 'armenian', 'Ut dolor omnis. Similique veniam voluptas enim dolore ut. Doloribus sit dolores et sint.', 31.3, 3.9, 15.9, 600, 2006, 7580, 8975),
(4852, 'Numquam aliquid iste', 'arabic', 'Sed et alias. Vel voluptatum doloremque repellat totam modi. Quia sit velit. Enim qui voluptatem consequatur fugiat doloremque rerum. Nihil ipsum odio ea voluptatum omnis et.', 18.1, 3.8, 26.3, 517, 2001, 8162, 6205),
(9524, 'Dolores et voluptatibus', 'ukrainian', 'Eligendi cumque est corporis. Aperiam aperiam voluptatibus quis. Quis rerum in ut. Distinctio aut corrupti explicabo commodi laborum et debitis. Natus inventore iste ducimus aut et laboriosam.', 21.4, 1.9, 8.0, 334, 2007, 2932, 4576),
(2011, 'Sunt expedita non', 'french', 'Excepturi quidem consectetur necessitatibus. Voluptas asperiores ipsa voluptatem. Facere dolore qui similique. Voluptatem omnis officia. Consectetur facilis incidunt inventore deleniti dicta itaque.', 27.3, 3.3, 5.5, 872, 1999, 2290, 5117),
(6948, 'Est autem et expedita', 'spanish', 'Accusamus et aliquam dolore. Nam atque non velit. Dolores et ratione.', 14.7, 3.3, 7.6, 907, 1989, 8361, 855),
(9301, 'Voluptas minima excepturi', 'french', 'Et hic quo vel ex. Cupiditate quia non et perspiciatis. Qui nam culpa exercitationem et molestiae itaque. Autem necessitatibus ut maiores eum saepe veniam eveniet.', 10.0, 1.3, 25.7, 606, 1993, 4095, 855),
(7431, 'Consequatur veniam provident doloremque', 'french', 'Commodi explicabo nesciunt repudiandae veniam reiciendis. Pariatur consectetur voluptatem voluptates quaerat. Molestias molestias sapiente at voluptatem id aut rerum.', 20.3, 3.6, 27.0, 45, 1985, 5044, 1628),
(2691, 'Amet sunt et', 'polish', 'Dignissimos doloribus sint. Neque distinctio dicta doloribus animi eos illo. Illo libero dolores facere.', 29.2, 2.9, 7.4, 174, 1970, 8506, 9394),
(4026, 'Laborum placeat voluptatem', 'russian', 'In iste animi alias rerum quia sit omnis. Et laudantium omnis ea. Dolorem dicta maxime.', 29.6, 4.7, 20.8, 629, 2005, 266, 6205),
(292, 'Voluptatum illum similique', 'spanish', 'Sunt consectetur ea repellat commodi soluta. Hic harum illum sed reiciendis ut sit et. Corporis veritatis doloribus et occaecati harum veritatis voluptatibus.', 20.6, 2.4, 24.4, 326, 1993, 8162, 3064),
(735, 'Hic commodi magnam debitis', 'russian', 'Et quos quia qui aperiam placeat dolores harum. Delectus molestiae amet harum voluptatem recusandae quos quo. Dolorum qui tenetur tempora. Quae sunt ut.', 28.8, 3.3, 24.8, 733, 1982, 4340, 855),
(8706, 'In minima optio aperiam', 'ukrainian', 'Eveniet architecto in. Minus qui excepturi architecto consequatur dolorum. Qui est voluptas nostrum excepturi iste. Voluptas id vel quasi esse. Quis aut omnis.', 34.3, 1.2, 11.5, 600, 1998, 5546, 5117),
(131, 'Atque omnis quis', 'croatian', 'Omnis aut minus. Qui iusto praesentium nam. Rem vel possimus praesentium. Eligendi et quos.', 25.8, 3.6, 28.3, 123, 2006, 8506, 4980),
(4600, 'Et qui quibusdam architecto', 'farsi', 'Qui qui ut consequatur non et qui delectus. Quam doloremque officia inventore est. Neque voluptatum autem voluptatem fugiat.', 34.1, 3.8, 8.4, 554, 2001, 2932, 855),
(4830, 'Aut ipsam aut', 'polish', 'Est facere consequatur molestias et eligendi. Voluptate sequi omnis. Corrupti iusto rerum quibusdam sunt magni. Aperiam occaecati excepturi reiciendis velit.', 9.9, 3.3, 33.2, 166, 1984, 2743, 1851),
(8429, 'Nemo consequatur nihil iusto', 'english', 'Neque qui quos. Quaerat distinctio iusto nam cum et. Non ab reprehenderit.', 14.8, 3.4, 18.9, 569, 2007, 8084, 3064),
(5835, 'Magni dolores quia', 'german', 'Id vero expedita cum voluptas repellendus incidunt. Pariatur quidem ea. Explicabo ut magnam eos nobis libero.', 26.2, 4.4, 29.5, 473, 1990, 4814, 1628),
(6292, 'Ullam voluptas recusandae cumque', 'belorussian', 'Consequatur quasi illo beatae ipsam. Enim velit suscipit officiis omnis asperiores est consequatur. Est doloremque atque labore hic eius. Eum velit cumque ratione maiores. Quasi necessitatibus labore enim vel quasi.', 19.9, 1.1, 33.0, 300, 2009, 5044, 855),
(241, 'Qui quos molestiae', 'urdu', 'Similique rerum optio est voluptas officiis. Quos natus ipsam sunt qui sit voluptas. Quo reiciendis voluptas in rerum sit consequuntur.', 18.1, 4.2, 30.9, 800, 1978, 8735, 1062),
(3674, 'Voluptatum sed et', 'spanish', 'Totam et sequi aut ea pariatur consequatur rerum. Ipsam ut consectetur fuga quia. Facilis sit facilis porro facilis quia.', 32.5, 1.6, 30.2, 814, 2011, 4814, 5117),
(415, 'Et sed odio deleniti', 'portuguese', 'Ipsam esse sed culpa et dolorem eligendi sint. Iure dolor et libero dicta. Omnis reiciendis eum voluptas. Minima neque nisi enim. Deserunt quas quia sed eum cumque aut et.', 24.0, 2.2, 18.1, 204, 2001, 4546, 5117),
(27, 'Eum qui placeat', 'armenian', 'Velit non numquam est voluptates necessitatibus iusto odit. Est aut deleniti qui aut minima numquam. Ab quidem deleniti. Nihil eaque non odit.', 9.1, 4.7, 22.0, 965, 2015, 9023, 4980),
(4251, 'Repellat accusantium tempora', 'belorussian', 'Nesciunt perspiciatis hic. Repudiandae nemo eos unde. Dicta debitis maxime.', 29.8, 2.0, 25.0, 587, 2011, 4581, 6205),
(7249, 'Aut sapiente voluptas', 'croatian', 'Beatae dolore et assumenda dolores dolorem beatae praesentium. Aliquam voluptates iusto debitis omnis numquam soluta non. Facilis laudantium est a eum molestias.', 10.9, 3.8, 8.4, 382, 2017, 4831, 1062),
(5516, 'Aut sequi atque', 'german', 'Ut distinctio atque consectetur odio repellat et quod. Ad in voluptatem explicabo ipsam aut. Qui quos voluptas vel voluptatibus et debitis fuga.', 30.7, 3.7, 26.4, 814, 2012, 4095, 1851);
